Treatment Rate,Treated Count,Policy Value
0.1,22,2.90190605256001
0.5,112,4.649814149247891
1.0,225,6.455024333008799
