Treatment Rate,Treated Count,Policy Value
0.05,11,2.6777047321432192
0.1,22,2.90190605256001
0.2,45,3.352438851972949
0.3,67,3.7752147607125055
0.4,90,4.224744185373093
0.5,112,4.649814149247891
0.6,135,5.080827317690579
0.7,157,5.474588940647285
0.8,180,5.881985962821782
0.9,202,6.249070242925486
1.0,225,6.455024333008799
