Model,Estimated ATE,ATE Error,PEHE
CausalForestDML,3.987797158309869,0.019751170318894395,0.5847434858461164
DML_Lasso,3.887583715867611,0.119964612761152,0.8760904413595192
LinearDML_GB,3.652057784893231,0.35549054373553224,0.9629480260150969
LinearDML_RF,3.8049616072063994,0.20258672142236378,0.9825494072600778
