Metric,Value
True ATE,3.9969807503322077
Naive ATE,4.113347474350699
Regression ATE,3.9940919317307157
DML ATE,3.965999736464545
Naive ATE Error,0.11636672401849157
Regression ATE Error,0.002888818601491927
DML ATE Error,0.03098101386766272
DML PEHE,0.7114852978265083
