Model,Split,Estimated ATE,ATE Error,PEHE,Threshold Policy Value
CausalForestDML_RF,validation,3.84459832723184,0.11375104259253144,0.6679551300307864,5.096298090548181
CausalForestDML_GB,validation,3.4605388398012233,0.4978105300231479,0.8422046383774265,4.787959442395709
LinearDML_RF,validation,3.7988458149193005,0.15950355490507073,0.9441088124072872,4.845620467646626
DML_Lasso,validation,3.8713304394898023,0.08701893033456898,1.1747636157633945,4.8021132315346176
LinearDML_GB,validation,3.416431029167424,0.5419183406569474,1.1789421487160765,4.6479030578024485
