Metric,Value
True ATE,4.007548328628763
Naive ATE,4.126086459094168
Regression ATE,3.99112515689159
DML ATE,3.987797158309869
Naive ATE Error,0.11853813046540473
Regression ATE Error,0.016423171737173003
DML ATE Error,0.019751170318894395
DML PEHE,0.5847434858461162
