Model,Split,Estimated ATE,ATE Error,PEHE,Threshold Policy Value
CausalForestDML_RF,validation,3.84459832723184,0.11375104259253144,0.6679551300307862,5.096298090548181
CausalForestDML_GB,validation,3.4605388398012233,0.4978105300231479,0.8422046383774268,4.787959442395709
LinearDML_RF,validation,3.7988458149192956,0.15950355490507562,0.9441088124072876,4.845620467646626
DML_Lasso,validation,3.870779688766277,0.08756968105809415,1.176061809890226,4.8021132315346176
LinearDML_GB,validation,3.4164310291674265,0.5419183406569448,1.1789421487160765,4.6479030578024485
