Model,Estimated ATE,ATE Error,PEHE
CausalForestDML,4.01323846057976,0.005690131950997213,0.5580253492637841
DML_Lasso,3.8689183351748753,0.13862999345388793,0.8391545203093062
LinearDML_RF,3.80895175072345,0.19859657790531315,0.977249737371104
LinearDML_GB,3.6796657873752983,0.32788254125346494,0.9973693668099488
