Model,Split,Estimated ATE,ATE Error,PEHE,Threshold Policy Value
CausalForestDML_RF,validation,3.84459832723184,0.11375104259253144,0.6679551300307863,5.096298090548181
CausalForestDML_GB,validation,3.4605388398012233,0.4978105300231479,0.8422046383774268,4.787959442395709
LinearDML_RF,validation,3.7988458149192996,0.15950355490507162,0.9441088124072865,4.845620467646626
DML_Lasso,validation,3.8713304394897983,0.08701893033457297,1.174763615763371,4.8021132315346176
LinearDML_GB,validation,3.4164310291674225,0.5419183406569488,1.1789421487160772,4.6479030578024485
