Model,Split,Estimated ATE,ATE Error,PEHE,Positive Policy Value
CausalForestDML,validation,3.949460842630678,0.008888527193693374,0.6288409352808699,6.472550639740939
LinearDML_RF,validation,3.7988458149193005,0.15950355490507073,0.9441088124072872,6.472550639740939
DML_Lasso,validation,3.8713304394898023,0.08701893033456898,1.1747636157633945,6.472550639740939
LinearDML_GB,validation,3.416431029167424,0.5419183406569474,1.1789421487160765,6.472550639740939
