Metric,Value
True ATE,4.007548328628763
Naive ATE,4.126086459094168
Regression ATE,3.99112515689159
DML ATE,4.01323846057976
Naive ATE Error,0.11853813046540473
Regression ATE Error,0.016423171737173003
DML ATE Error,0.005690131950997213
DML PEHE,0.558025349263784
