Model,Split,Estimated ATE,ATE Error,PEHE,Threshold Policy Value
CausalForestDML,validation,3.949460842630678,0.008888527193693374,0.6288409352808698,5.005271872572766
LinearDML_RF,validation,3.7988458149192996,0.15950355490507162,0.9441088124072865,4.845620467646626
DML_Lasso,validation,3.8713304394897983,0.08701893033457297,1.174763615763371,4.8021132315346176
LinearDML_GB,validation,3.4164310291674225,0.5419183406569488,1.1789421487160772,4.6479030578024485
