Metric,Value
True ATE,3.9969807503322077
Naive ATE,4.113347474350699
Regression ATE,3.9940919317307157
DML ATE,3.9659997364645454
Naive ATE Error,0.11636672401849157
Regression ATE Error,0.002888818601491927
DML ATE Error,0.030981013867662277
DML PEHE,0.7114852978265085
